train_loss,test_loss
0.00206901165308018,0.0004447290063514177
